ID,StaffID,FirstName,LastName,Role,PhoneNumber,Email,HospitalID,CreatedDate,CreatedDate
1,1,Chad,Hall,Administrator,001-889-468-5958x6345,zbaker@example.com,1,16-01-2025 11:22,16-01-2025 11:22
2,2,Carrie,Keith,Administrator,(548)415-4031x0028,ddavis@example.com,1,16-01-2025 11:22,16-01-2025 11:22
3,3,Brian,Miller,Doctor,+1-843-622-6800x4444,istout@example.net,1,16-01-2025 11:22,16-01-2025 11:22
4,4,Amber,Adams,Nurse,(717)656-5385x447,cantugail@example.net,1,16-01-2025 11:22,16-01-2025 11:22
5,5,Lauren,Thompson,Surgeon,2418108645,claudia39@example.org,1,16-01-2025 11:22,16-01-2025 11:22
6,6,Erica,Pena,Doctor,001-597-639-1564x2211,mjackson@example.org,1,16-01-2025 11:22,16-01-2025 11:22
7,7,Rhonda,Parrish,Janitor,(814)803-7536x29381,tpeterson@example.org,1,16-01-2025 11:22,16-01-2025 11:22
8,8,Jacob,Kim,Pharmacist,-11035,lisa45@example.com,1,16-01-2025 11:22,16-01-2025 11:22
9,9,Allen,Bell,Nurse,-5592,barrettcarol@example.com,1,16-01-2025 11:22,16-01-2025 11:22
10,10,Joshua,Shah,Nurse,747-947-0799,andrew13@example.com,1,16-01-2025 11:22,16-01-2025 11:22
11,11,Ashlee,Barker,Surgeon,(694)507-9421x86646,randallamanda@example.com,1,16-01-2025 11:22,16-01-2025 11:22
12,12,Shannon,Mcintosh,Surgeon,(448)433-7288,maria16@example.com,1,16-01-2025 11:22,16-01-2025 11:22
13,13,Tonya,Roberts,Administrator,398-632-5956x434,frank17@example.org,1,16-01-2025 11:22,16-01-2025 11:22
14,14,Susan,King,Nurse,992.222.6103,katiedillon@example.com,1,16-01-2025 11:22,16-01-2025 11:22
15,15,Victor,Cunningham,Janitor,3944832179,andrewlane@example.com,1,16-01-2025 11:22,16-01-2025 11:22
16,16,Nathan,Harris,Pharmacist,001-690-595-1964x975,roy68@example.net,1,16-01-2025 11:22,16-01-2025 11:22
17,17,Alicia,Vincent,Pharmacist,949.928.0797,jimmy63@example.com,1,16-01-2025 11:22,16-01-2025 11:22
18,18,Paul,Wells,Technician,274-835-5368,odaniels@example.net,1,16-01-2025 11:22,16-01-2025 11:22
19,19,Amber,Davis,Surgeon,(315)741-7170,leonardcameron@example.net,1,16-01-2025 11:22,16-01-2025 11:22
20,20,Travis,Harding,Technician,-10581,hamiltonjeffery@example.org,1,16-01-2025 11:22,16-01-2025 11:22
21,21,Justin,Olson,Surgeon,589.893.2272,irichmond@example.net,1,16-01-2025 11:22,16-01-2025 11:22
22,22,Anthony,Douglas,Doctor,364.932.7106,ijones@example.org,1,16-01-2025 11:22,16-01-2025 11:22
23,23,Daniel,Silva,Technician,001-943-372-1074x6615,qcobb@example.org,1,16-01-2025 11:22,16-01-2025 11:22
24,24,Cody,Nelson,Administrator,-4334,wolfescott@example.com,1,16-01-2025 11:22,16-01-2025 11:22
25,25,Christopher,Rivers,Technician,001-262-738-3248x58148,teresabailey@example.org,1,16-01-2025 11:22,16-01-2025 11:22
26,26,Brian,Wilcox,Nurse,759.356.7290x3067,brandonharris@example.com,1,16-01-2025 11:22,16-01-2025 11:22
27,1,Brandon,Brown,Pharmacist,+1-692-600-0514x586,tylerlatoya@example.com,3,16-01-2025 11:22,16-01-2025 11:22
28,2,Dan,Turner,Pharmacist,831-887-6842,torresjason@example.com,3,16-01-2025 11:22,16-01-2025 11:22
29,3,Dylan,Rodriguez,Nurse,001-674-899-8206x19546,justinlittle@example.org,3,16-01-2025 11:22,16-01-2025 11:22
30,4,Craig,Larson,Doctor,(486)692-4235,ncardenas@example.com,3,16-01-2025 11:22,16-01-2025 11:22
31,5,Robin,Miller,Pharmacist,200.719.6392,timothylawrence@example.com,3,16-01-2025 11:22,16-01-2025 11:22
32,6,Heather,Garcia,Nurse,477.909.2395x02432,cooperregina@example.com,3,16-01-2025 11:22,16-01-2025 11:22
33,7,Maurice,Nguyen,Pharmacist,676-900-5863,clee@example.net,3,16-01-2025 11:22,16-01-2025 11:22
34,8,Robert,Johnson,Nurse,7566254041,austinpatricia@example.org,3,16-01-2025 11:22,16-01-2025 11:22
35,9,William,Fritz,Pharmacist,515-462-0458,jerrydunn@example.com,3,16-01-2025 11:22,16-01-2025 11:22
36,10,Christine,Martinez,Janitor,001-809-513-9789,lguerra@example.org,3,16-01-2025 11:22,16-01-2025 11:22
37,11,Corey,Taylor,Administrator,382-301-1760,ashleywatson@example.org,3,16-01-2025 11:22,16-01-2025 11:22
38,12,Nicole,Hill,Doctor,767-645-6441,shannonwhitney@example.net,3,16-01-2025 11:22,16-01-2025 11:22
39,13,Jessica,Ruiz,Janitor,001-214-293-9192x81474,joe02@example.net,3,16-01-2025 11:22,16-01-2025 11:22
40,14,Joseph,Mcclure,Pharmacist,001-275-854-9201x578,whitney34@example.net,3,16-01-2025 11:22,16-01-2025 11:22
41,15,Anna,Johnson,Pharmacist,783.496.1428x89957,aaron86@example.org,3,16-01-2025 11:22,16-01-2025 11:22
42,16,Bonnie,Byrd,Pharmacist,6225072210,bjones@example.com,3,16-01-2025 11:22,16-01-2025 11:22
43,17,Hannah,Macias,Technician,816-894-5234x233,hoffmanmarissa@example.com,3,16-01-2025 11:22,16-01-2025 11:22
44,18,David,Hart,Surgeon,422.712.0618x69600,jason86@example.net,3,16-01-2025 11:22,16-01-2025 11:22
45,19,Ronald,Wright,Doctor,240.794.2927,nancy61@example.net,3,16-01-2025 11:22,16-01-2025 11:22
46,20,Diane,Foster,Administrator,+1-373-790-3512x7839,karenunderwood@example.net,3,16-01-2025 11:22,16-01-2025 11:22
47,21,Carlos,Conrad,Technician,+1-763-846-7384x926,pwaters@example.org,3,16-01-2025 11:22,16-01-2025 11:22
48,22,Kimberly,King,Nurse,3599326260,christopherhernandez@example.org,3,16-01-2025 11:22,16-01-2025 11:22
49,23,Jose,Levy,Pharmacist,001-688-483-6210x980,contrerasgina@example.net,3,16-01-2025 11:22,16-01-2025 11:22
50,24,Christina,Torres,Janitor,767.438.0377,robinmoore@example.org,3,16-01-2025 11:22,16-01-2025 11:22
51,25,Jacob,Wilkins,Doctor,(302)284-5766x797,susanmiller@example.net,3,16-01-2025 11:22,16-01-2025 11:22
52,26,Bill,Rivera,Janitor,001-337-579-8989x739,kimberly09@example.org,3,16-01-2025 11:22,16-01-2025 11:22
53,1,Jennifer,Brock,Nurse,(622)307-3364x2857,judyjones@example.net,2,16-01-2025 11:22,16-01-2025 11:22
54,2,Bianca,Roberts,Surgeon,+1-640-607-3315x21621,oneilljames@example.com,2,16-01-2025 11:22,16-01-2025 11:22
55,3,Sarah,Frank,Nurse,+1-887-685-5699x9168,adamsjennifer@example.org,2,16-01-2025 11:22,16-01-2025 11:22
56,4,Kyle,Johnson,Pharmacist,001-477-977-0128x4211,ustephens@example.org,2,16-01-2025 11:22,16-01-2025 11:22
57,5,Chelsea,Graves,Pharmacist,-8695,nataliecameron@example.org,2,16-01-2025 11:22,16-01-2025 11:22
58,6,Jessica,Aguirre,Pharmacist,001-453-464-0342x229,bradleyrobert@example.com,2,16-01-2025 11:22,16-01-2025 11:22
59,7,Daniel,Cisneros,Technician,001-408-436-8464x611,christygilbert@example.net,2,16-01-2025 11:22,16-01-2025 11:22
60,8,Felicia,Osborn,Doctor,8108705795,eward@example.net,2,16-01-2025 11:22,16-01-2025 11:22
61,9,Matthew,Smith,Janitor,+1-971-709-6958x3528,tburke@example.com,2,16-01-2025 11:22,16-01-2025 11:22
62,10,Catherine,Farmer,Doctor,363-976-0828,jscott@example.org,2,16-01-2025 11:22,16-01-2025 11:22
63,11,Ross,Avery,Technician,001-541-932-6309x311,iconway@example.com,2,16-01-2025 11:22,16-01-2025 11:22
64,12,Kari,Morgan,Doctor,7904103544,joseph14@example.com,2,16-01-2025 11:22,16-01-2025 11:22
65,13,Adrienne,Doyle,Doctor,(608)788-7619x6006,mburke@example.net,2,16-01-2025 11:22,16-01-2025 11:22
66,14,Jerry,Henry,Administrator,+1-532-433-7850x019,matthew12@example.net,2,16-01-2025 11:22,16-01-2025 11:22
67,15,Marc,Campbell,Janitor,901-386-6115x21937,michellechavez@example.com,2,16-01-2025 11:22,16-01-2025 11:22
68,16,Dorothy,Martin,Pharmacist,634-573-6540x1549,francisco22@example.net,2,16-01-2025 11:22,16-01-2025 11:22
69,17,Stephanie,Maxwell,Administrator,688-884-5206x03686,chadgarcia@example.org,2,16-01-2025 11:22,16-01-2025 11:22
70,18,Michele,Pearson,Technician,(334)709-8460x0115,lgaines@example.org,2,16-01-2025 11:22,16-01-2025 11:22
71,19,Hannah,Ochoa,Technician,997.377.6715x777,psmith@example.net,2,16-01-2025 11:22,16-01-2025 11:22
72,20,Lisa,Murphy,Nurse,001-339-353-9535,cynthiaosborne@example.org,2,16-01-2025 11:22,16-01-2025 11:22
73,21,Christopher,Price,Janitor,001-399-453-0964x224,kylewashington@example.net,2,16-01-2025 11:22,16-01-2025 11:22
74,22,Michael,Conrad,Doctor,264.212.3536x03489,amack@example.org,2,16-01-2025 11:22,16-01-2025 11:22
75,23,John,Bishop,Administrator,952.263.7584,robertcook@example.net,2,16-01-2025 11:22,16-01-2025 11:22
76,24,Robert,Gilbert,Janitor,519-696-0760,georgepowell@example.net,2,16-01-2025 11:22,16-01-2025 11:22
77,25,Joseph,Sanchez,Pharmacist,(650)957-5242x4354,gwendolynwise@example.com,2,16-01-2025 11:22,16-01-2025 11:22
78,26,Donald,Jones,Janitor,(604)279-4197x6026,knash@example.net,2,16-01-2025 11:22,16-01-2025 11:22
79,27,Kevin,Wilkins,Administrator,233.839.3505x2396,heidimoore@example.net,2,16-01-2025 11:22,16-01-2025 11:22
80,28,Emily,Fernandez,Doctor,7484326995,richardorozco@example.org,2,16-01-2025 11:22,16-01-2025 11:22
81,29,Joseph,Ali,Pharmacist,001-288-875-9908,heather83@example.org,2,16-01-2025 11:22,16-01-2025 11:22
82,30,Todd,Cruz,Doctor,3534324071,tylerhernandez@example.org,2,16-01-2025 11:22,16-01-2025 11:22
83,31,Jennifer,Moore,Technician,+1-954-960-7842x346,dharrington@example.net,2,16-01-2025 11:22,16-01-2025 11:22
84,32,Lucas,Gregory,Surgeon,436.818.3268,uchapman@example.net,2,16-01-2025 11:22,16-01-2025 11:22
85,33,Patricia,Castillo,Administrator,831.441.6182,orasmussen@example.com,2,16-01-2025 11:22,16-01-2025 11:22
86,34,Nathan,Orozco,Janitor,001-915-208-2241x5948,iford@example.com,2,16-01-2025 11:22,16-01-2025 11:22
87,1,Heather,Marks,Pharmacist,694.860.6456x50814,elainepierce@example.com,4,16-01-2025 11:22,16-01-2025 11:22
88,2,Christine,Harris,Nurse,8178594069,nathanhart@example.net,4,16-01-2025 11:22,16-01-2025 11:22
89,3,Kevin,Jones,Doctor,348.423.4473x4267,smithamanda@example.net,4,16-01-2025 11:22,16-01-2025 11:22
90,4,James,Maxwell,Pharmacist,+1-989-399-8311x996,kristina18@example.net,4,16-01-2025 11:22,16-01-2025 11:22
91,5,Elizabeth,Harris,Nurse,852-896-9732,daniel61@example.net,4,16-01-2025 11:22,16-01-2025 11:22
92,6,Mark,Peterson,Doctor,+1-746-676-0692x5484,john88@example.com,4,16-01-2025 11:22,16-01-2025 11:22
93,7,Lisa,Logan,Doctor,501.629.9793x5260,barronjudy@example.com,4,16-01-2025 11:22,16-01-2025 11:22
94,8,Katie,Sims,Surgeon,-7021,maryritter@example.net,4,16-01-2025 11:22,16-01-2025 11:22
95,9,Sandra,Moreno,Technician,+1-618-477-5915x4889,stephensjohn@example.org,4,16-01-2025 11:22,16-01-2025 11:22
96,10,James,Hicks,Surgeon,(641)734-8077x1506,jenniferfranklin@example.org,4,16-01-2025 11:22,16-01-2025 11:22
97,11,Danielle,Wagner,Pharmacist,001-995-590-0524x1643,brianchase@example.net,4,16-01-2025 11:22,16-01-2025 11:22
98,12,Kaitlin,Haas,Janitor,5072401968,shannonrobinson@example.com,4,16-01-2025 11:22,16-01-2025 11:22
99,13,Stacey,James,Janitor,932-826-4944x4719,pennygardner@example.org,4,16-01-2025 11:22,16-01-2025 11:22
100,14,Kristen,Anderson,Surgeon,334-267-9840x771,eugenerose@example.org,4,16-01-2025 11:22,16-01-2025 11:22
101,15,Julie,Moore,Doctor,001-549-609-7157x592,mariachristensen@example.com,4,16-01-2025 11:22,16-01-2025 11:22
102,16,Linda,Garcia,Janitor,+1-490-583-5463x820,david34@example.org,4,16-01-2025 11:22,16-01-2025 11:22
103,17,Felicia,Price,Doctor,+1-298-566-4939x98946,abarnes@example.com,4,16-01-2025 11:22,16-01-2025 11:22
104,18,Jason,Willis,Administrator,+1-647-789-6463x07709,tammyhoward@example.com,4,16-01-2025 11:22,16-01-2025 11:22
105,19,Joseph,Whitney,Surgeon,(706)589-4807x665,alyssa51@example.com,4,16-01-2025 11:22,16-01-2025 11:22
106,20,April,Black,Administrator,344.943.0702x827,sgibson@example.net,4,16-01-2025 11:22,16-01-2025 11:22
107,21,Heidi,Turner,Doctor,306.838.0822,woodjake@example.com,4,16-01-2025 11:22,16-01-2025 11:22
108,22,Geoffrey,Fuller,Nurse,806-307-8628x621,herreratina@example.net,4,16-01-2025 11:22,16-01-2025 11:22
109,23,Cynthia,Gonzales,Doctor,001-282-313-8616x2574,bcox@example.org,4,16-01-2025 11:22,16-01-2025 11:22
110,24,Drew,Coleman,Surgeon,819.393.8436x26449,jacksonbrian@example.org,4,16-01-2025 11:22,16-01-2025 11:22
111,25,Mary,Conway,Doctor,750-825-5763x30663,heather24@example.com,4,16-01-2025 11:22,16-01-2025 11:22
112,26,Joseph,Baker,Nurse,001-302-401-5692x5034,beckerdaniel@example.com,4,16-01-2025 11:22,16-01-2025 11:22
113,27,Dana,Washington,Surgeon,(545)574-8358,anolan@example.org,4,16-01-2025 11:22,16-01-2025 11:22
114,28,Kimberly,Morris,Pharmacist,-2158,xlawrence@example.com,4,16-01-2025 11:22,16-01-2025 11:22
115,29,Jessica,Smith,Nurse,571-511-0866x85224,teresa85@example.net,4,16-01-2025 11:22,16-01-2025 11:22
116,30,Matthew,Cooke,Administrator,(532)393-5633x7276,lindasteele@example.com,4,16-01-2025 11:22,16-01-2025 11:22
117,31,Derek,Blankenship,Doctor,001-825-446-4490x9766,riosjohn@example.com,4,16-01-2025 11:22,16-01-2025 11:22
118,32,Omar,Graham,Surgeon,877.440.0208,jillcooper@example.org,4,16-01-2025 11:22,16-01-2025 11:22
119,33,Alexandria,Martinez,Nurse,768.841.9176,riverakelly@example.net,4,16-01-2025 11:22,16-01-2025 11:22
120,34,Joshua,Durham,Janitor,+1-317-270-0895x61789,mark41@example.org,4,16-01-2025 11:22,16-01-2025 11:22
121,1,April,Brooks,Pharmacist,880.352.4413x6801,joshua67@example.com,5,16-01-2025 11:22,16-01-2025 11:22
122,2,Jessica,Hernandez,Technician,959.428.5115,dillonevans@example.net,5,16-01-2025 11:22,16-01-2025 11:22
123,3,Kathleen,Ford,Technician,+1-997-610-5564x371,rkelly@example.net,5,16-01-2025 11:22,16-01-2025 11:22
124,4,Matthew,Sandoval,Pharmacist,+1-847-488-1072x93787,nruiz@example.com,5,16-01-2025 11:22,16-01-2025 11:22
125,5,Joshua,Hamilton,Janitor,808-449-5071,vfox@example.com,5,16-01-2025 11:22,16-01-2025 11:22
126,6,Jeffrey,Rodriguez,Surgeon,902-652-7392,stevenrose@example.net,5,16-01-2025 11:22,16-01-2025 11:22
127,7,Tricia,Scott,Janitor,819.557.3344x696,eric19@example.org,5,16-01-2025 11:22,16-01-2025 11:22
128,8,Sarah,West,Nurse,884.575.1509x330,michael14@example.net,5,16-01-2025 11:22,16-01-2025 11:22
129,9,Cindy,Cherry,Surgeon,(453)409-3502,brownryan@example.org,5,16-01-2025 11:22,16-01-2025 11:22
130,10,Molly,Brown,Janitor,805-532-1329,pbowman@example.net,5,16-01-2025 11:22,16-01-2025 11:22
131,11,Michael,Mendoza,Janitor,+1-394-984-9895x50413,michael53@example.com,5,16-01-2025 11:22,16-01-2025 11:22
132,12,Breanna,Snyder,Technician,356-826-8836x94851,oscar19@example.com,5,16-01-2025 11:22,16-01-2025 11:22
133,13,Sheila,Wilkins,Administrator,6887303411,wlong@example.net,5,16-01-2025 11:22,16-01-2025 11:22
134,14,Jerry,Hernandez,Administrator,475-220-0538,bthompson@example.com,5,16-01-2025 11:22,16-01-2025 11:22
135,15,Margaret,Williams,Administrator,(746)700-4139,lscott@example.com,5,16-01-2025 11:22,16-01-2025 11:22
136,16,Donald,Harrell,Surgeon,808.754.4397x067,mbarker@example.org,5,16-01-2025 11:22,16-01-2025 11:22
137,17,Shawn,Jones,Doctor,805.435.0275x0305,omitchell@example.net,5,16-01-2025 11:22,16-01-2025 11:22
138,18,Elizabeth,Williams,Nurse,347.930.0078x2690,laura66@example.net,5,16-01-2025 11:22,16-01-2025 11:22
139,19,Kathryn,Scott,Janitor,+1-406-698-4213x87081,simontyler@example.net,5,16-01-2025 11:22,16-01-2025 11:22
140,20,Bobby,Hines,Nurse,001-245-309-2588,ashleyburnett@example.com,5,16-01-2025 11:22,16-01-2025 11:22
141,21,Justin,Johnson,Administrator,(332)839-7713x5675,jenniferclark@example.com,5,16-01-2025 11:22,16-01-2025 11:22
142,22,Steven,Walker,Pharmacist,814-730-2282,marshallbrent@example.org,5,16-01-2025 11:22,16-01-2025 11:22
143,23,Renee,Anthony,Doctor,9804785030,rebecca40@example.net,5,16-01-2025 11:22,16-01-2025 11:22
144,24,Kristopher,Pierce,Pharmacist,942.808.9664,zvaughan@example.net,5,16-01-2025 11:22,16-01-2025 11:22
145,25,Rebecca,Anderson,Pharmacist,930.777.2853x2215,kaitlin46@example.com,5,16-01-2025 11:22,16-01-2025 11:22
146,26,Patrick,King,Administrator,(632)769-4074x88420,oneillfrederick@example.net,5,16-01-2025 11:22,16-01-2025 11:22
147,27,Karl,Schwartz,Surgeon,001-515-286-2097x3751,corteztaylor@example.com,5,16-01-2025 11:22,16-01-2025 11:22
148,28,Sarah,Farmer,Administrator,4058772394,jameswayne@example.com,5,16-01-2025 11:22,16-01-2025 11:22
149,29,Robert,Cooper,Janitor,+1-873-884-8229x2142,qharrison@example.org,5,16-01-2025 11:22,16-01-2025 11:22
150,30,Angela,Kline,Doctor,298-661-4703x1447,wgordon@example.net,5,16-01-2025 11:22,16-01-2025 11:22
151,31,Michael,Adams,Technician,(348)621-8278,smithrobin@example.org,5,16-01-2025 11:22,16-01-2025 11:22
152,32,Heather,Schroeder,Pharmacist,370.938.6160,rodriguezpreston@example.org,5,16-01-2025 11:22,16-01-2025 11:22
153,33,Joshua,Joseph,Technician,001-240-972-8658x0587,walkerkaren@example.net,5,16-01-2025 11:22,16-01-2025 11:22
154,34,William,Harvey,Doctor,737-470-5188,jennifer80@example.com,5,16-01-2025 11:22,16-01-2025 11:22
,,,,,,,,16-01-2025 11:22,16-01-2025 11:22
,,,,,,,,16-01-2025 11:22,16-01-2025 11:22
,,,,,,,,16-01-2025 11:22,16-01-2025 11:22
,,,,,,,,16-01-2025 11:22,16-01-2025 11:22
,,,,,,,,16-01-2025 11:22,16-01-2025 11:22
,,,,,,,,16-01-2025 11:22,16-01-2025 11:22
,,,,,,,,16-01-2025 11:22,16-01-2025 11:22
,,,,,,,,16-01-2025 11:22,16-01-2025 11:22
,,,,,,,,16-01-2025 11:22,16-01-2025 11:22
,,,,,,,,16-01-2025 11:22,16-01-2025 11:22
,,,,,,,,16-01-2025 11:22,16-01-2025 11:22
,,,,,,,,16-01-2025 11:22,16-01-2025 11:22
,,,,,,,,16-01-2025 11:22,16-01-2025 11:22
,,,,,,,,16-01-2025 11:22,16-01-2025 11:22
,,,,,,,,16-01-2025 11:22,16-01-2025 11:22
,,,,,,,,16-01-2025 11:22,16-01-2025 11:22
,,,,,,,,16-01-2025 11:22,16-01-2025 11:22
,,,,,,,,16-01-2025 11:22,16-01-2025 11:22
,,,,,,,,16-01-2025 11:22,16-01-2025 11:22
,,,,,,,,16-01-2025 11:22,16-01-2025 11:22
,,,,,,,,16-01-2025 11:22,16-01-2025 11:22
,,,,,,,,16-01-2025 11:22,16-01-2025 11:22
,,,,,,,,16-01-2025 11:22,16-01-2025 11:22
,,,,,,,,16-01-2025 11:22,16-01-2025 11:22
,,,,,,,,16-01-2025 11:22,16-01-2025 11:22
,,,,,,,,16-01-2025 11:22,16-01-2025 11:22
,,,,,,,,16-01-2025 11:22,16-01-2025 11:22
,,,,,,,,16-01-2025 11:22,16-01-2025 11:22
,,,,,,,,16-01-2025 11:22,16-01-2025 11:22
,,,,,,,,16-01-2025 11:22,16-01-2025 11:22
,,,,,,,,16-01-2025 11:22,16-01-2025 11:22
,,,,,,,,16-01-2025 11:22,16-01-2025 11:22
,,,,,,,,16-01-2025 11:22,16-01-2025 11:22
,,,,,,,,16-01-2025 11:22,16-01-2025 11:22
,,,,,,,,16-01-2025 11:22,16-01-2025 11:22
,,,,,,,,16-01-2025 11:22,16-01-2025 11:22
,,,,,,,,16-01-2025 11:22,16-01-2025 11:22
,,,,,,,,16-01-2025 11:22,16-01-2025 11:22
,,,,,,,,16-01-2025 11:22,16-01-2025 11:22
,,,,,,,,16-01-2025 11:22,16-01-2025 11:22
,,,,,,,,16-01-2025 11:22,16-01-2025 11:22
,,,,,,,,16-01-2025 11:22,16-01-2025 11:22
,,,,,,,,16-01-2025 11:22,16-01-2025 11:22
,,,,,,,,16-01-2025 11:22,16-01-2025 11:22
,,,,,,,,16-01-2025 11:22,16-01-2025 11:22
,,,,,,,,16-01-2025 11:22,16-01-2025 11:22
,,,,,,,,16-01-2025 11:22,16-01-2025 11:22
,,,,,,,,16-01-2025 11:22,16-01-2025 11:22
,,,,,,,,16-01-2025 11:22,16-01-2025 11:22
,,,,,,,,16-01-2025 11:22,16-01-2025 11:22
,,,,,,,,16-01-2025 11:22,16-01-2025 11:22
,,,,,,,,16-01-2025 11:22,16-01-2025 11:22
,,,,,,,,16-01-2025 11:22,16-01-2025 11:22
,,,,,,,,16-01-2025 11:22,16-01-2025 11:22
,,,,,,,,16-01-2025 11:22,16-01-2025 11:22
,,,,,,,,16-01-2025 11:22,16-01-2025 11:22
,,,,,,,,16-01-2025 11:22,16-01-2025 11:22
,,,,,,,,16-01-2025 11:22,16-01-2025 11:22
,,,,,,,,16-01-2025 11:22,16-01-2025 11:22
,,,,,,,,16-01-2025 11:22,16-01-2025 11:22
,,,,,,,,16-01-2025 11:22,16-01-2025 11:22
,,,,,,,,16-01-2025 11:22,16-01-2025 11:22
,,,,,,,,16-01-2025 11:22,16-01-2025 11:22
,,,,,,,,16-01-2025 11:22,16-01-2025 11:22
,,,,,,,,16-01-2025 11:22,16-01-2025 11:22
,,,,,,,,16-01-2025 11:22,16-01-2025 11:22
,,,,,,,,16-01-2025 11:22,16-01-2025 11:22
,,,,,,,,16-01-2025 11:22,16-01-2025 11:22
,,,,,,,,16-01-2025 11:22,16-01-2025 11:22
,,,,,,,,16-01-2025 11:22,16-01-2025 11:22
,,,,,,,,16-01-2025 11:22,16-01-2025 11:22
,,,,,,,,16-01-2025 11:22,16-01-2025 11:22
,,,,,,,,16-01-2025 11:22,16-01-2025 11:22
,,,,,,,,16-01-2025 11:22,16-01-2025 11:22
,,,,,,,,16-01-2025 11:22,16-01-2025 11:22
,,,,,,,,16-01-2025 11:22,16-01-2025 11:22
,,,,,,,,16-01-2025 11:22,16-01-2025 11:22
,,,,,,,,16-01-2025 11:22,16-01-2025 11:22
,,,,,,,,16-01-2025 11:22,16-01-2025 11:22
